,Label_0,Label_1,Label_2,Label_3,Label_4,Label_5,Label_6,Label_7,Label_8,Label_9,Label_10,Label_11,Label_12,Label_13,Label_14,Label_15,Label_16,Label_17,Label_18,Label_19,Label_20,Label_21,Label_22,Label_23,Label_24,Label_25,Label_26,Label_27,Label_28,Label_29,Label_30,Label_31,Label_32,Label_33,Label_34,Label_35,Label_36,Label_37,Label_38,Label_39,Label_40,Label_41,Label_42,Label_43,Label_44,Label_45,Label_46,Label_47,Label_48,Label_49,Label_50,Label_51,Label_52,Label_53,Label_54,Label_55,Label_56,Label_57,Label_58,Label_59,Label_60,Label_61,Label_62,Label_63,Label_64,Label_65,Label_66,Label_67,Label_68,Label_69,Label_70,Label_71,Label_72,Label_73,Label_74,Label_75,Label_76,Label_77,Label_78,Label_79,Label_80,Label_81,Label_82,Label_83,Label_84,Label_85,Label_86,Label_87,Label_88,Label_89,Label_90,Label_91,Label_92,Label_93,Label_94,Label_95,Label_96,Label_97,Label_98,Label_99,Label_100,Label_101,Label_102,Label_103,Label_104,Label_105,Label_106,Label_107,Label_108,Label_109,Label_110,Label_111,Label_112,Label_113,Label_114,Label_115,Label_116,Label_117,Label_118,Label_119,Label_120,Label_121,Label_122,Label_123,Label_124,Label_125,Label_126,Label_127,Label_128,Label_129,Label_130,Label_131,Label_132,Label_133,Label_134,Label_135,Label_136,Label_137,Label_138,Label_139,Label_140,Label_141,Label_142,Label_143,Label_144,Label_145,Label_146,Label_147,Label_148,Label_149
0,1,2,1,2,0,1,1,0,0,0,1,2,3,0,0,1,2,1,1,0,1,0,1,1,0,1,1,2,0,0,1,0,0,0,0,2,2,0,2,0,1,0,3,1,0,0,0,0,1,0,0,1,0,0,1,0,0,2,2,1,0,0,0,4,1,0,0,1,1,2,0,0,1,0,1,0,0,0,0,0,0,0,0,2,2,1,0,0,3,0,1,0,0,0,3,0,0,0,2,1,1,1,2,2,1,2,1,0,1,1,1,1,0,1,0,0,1,1,0,1,1,0,2,0,0,0,1,0,0,3,1,2,0,0,0,2,0,1,1,0,0,1,0,2,0,0,1,0,1,2
1,0,0,0,3,2,1,2,0,1,2,0,0,0,1,3,1,2,1,0,1,0,1,0,1,0,1,0,2,1,0,1,1,0,0,1,2,1,1,0,2,0,0,0,0,0,1,0,2,1,0,1,0,1,0,1,0,1,2,0,2,0,0,1,0,0,0,0,0,1,1,0,0,1,1,0,0,0,0,1,1,0,0,1,0,1,1,1,1,2,1,0,0,2,0,0,1,2,0,0,0,1,0,0,1,0,0,2,0,1,0,1,0,1,1,0,1,0,0,0,1,1,1,0,0,1,0,1,1,0,0,1,0,0,1,0,1,0,0,0,0,1,0,2,0,0,1,0,2,2,0
2,1,1,1,1,1,1,1,0,1,0,1,2,1,1,1,2,0,2,0,0,0,0,0,0,1,0,1,1,1,0,2,0,1,0,1,1,0,0,0,1,0,0,0,0,0,0,1,0,1,0,0,0,2,0,2,1,2,0,0,0,1,0,2,0,1,1,0,1,2,3,1,2,0,1,0,0,0,1,2,0,0,0,0,1,0,1,0,1,0,2,1,0,0,2,1,1,0,1,1,1,1,1,2,1,0,2,1,0,0,1,1,2,0,0,0,0,0,2,1,2,1,1,1,4,2,0,1,1,3,0,1,1,1,1,0,1,0,1,1,0,2,1,0,1,0,0,1,1,0,0
3,0,2,0,2,1,0,0,0,0,1,0,1,3,0,0,0,0,0,1,0,0,0,0,1,1,0,5,0,3,1,1,1,1,0,2,1,2,0,1,1,1,1,0,0,0,0,0,2,0,0,0,2,0,0,1,0,0,0,3,2,1,1,1,1,1,1,0,1,2,2,0,0,0,1,0,1,0,0,0,2,1,1,1,0,1,0,0,1,2,1,1,2,1,1,1,1,0,1,0,1,1,1,1,3,0,0,1,0,1,0,0,3,2,0,0,1,0,3,1,1,0,1,1,0,0,0,2,0,1,1,0,0,1,1,2,1,0,0,1,0,0,2,0,1,0,1,1,0,1,0
4,0,1,0,2,0,1,0,0,0,2,0,2,0,0,0,0,0,0,1,0,1,0,1,0,1,1,0,0,0,0,1,0,1,1,1,1,1,0,0,0,1,1,3,2,0,0,1,2,0,1,2,0,0,0,0,0,2,0,0,2,0,1,0,0,1,2,1,1,3,2,0,2,0,0,1,1,2,0,0,1,1,0,3,2,0,1,1,0,0,0,1,0,2,1,0,0,1,1,1,1,0,0,0,1,0,0,1,0,0,0,1,1,0,1,2,0,1,0,1,1,0,1,0,0,0,1,2,0,0,1,0,1,0,0,0,0,0,0,1,0,0,1,0,0,1,1,0,0,0,0
5,0,1,1,2,0,1,2,0,0,2,1,1,1,0,1,1,1,1,1,0,0,2,1,1,0,2,2,1,0,0,2,0,1,1,0,2,0,2,1,0,0,0,2,1,1,1,0,0,1,2,0,1,2,3,1,0,1,0,1,1,0,1,0,0,1,1,1,0,0,0,2,0,2,2,0,1,1,0,2,0,0,1,2,0,1,0,1,0,1,0,0,2,1,0,4,0,0,2,0,2,2,1,0,2,2,1,1,1,0,1,2,1,4,1,1,1,1,1,0,0,1,1,1,1,0,0,0,1,0,0,1,0,3,1,0,0,0,1,4,0,0,2,1,0,0,1,0,1,0,1
6,0,0,0,0,0,0,0,1,0,2,0,2,0,0,1,0,0,0,1,1,4,0,1,1,0,2,2,1,1,0,1,2,4,1,1,0,0,2,0,1,2,0,0,1,1,0,1,3,1,1,0,1,2,1,0,0,0,1,0,0,1,0,0,0,0,1,1,0,4,1,0,1,0,0,1,0,0,1,1,2,1,1,0,0,0,2,1,2,0,0,0,0,0,1,0,0,1,1,1,1,0,3,3,0,0,1,1,1,3,1,2,1,2,0,1,1,1,0,0,5,1,1,1,1,2,0,1,0,1,1,0,0,1,1,2,2,1,0,1,1,0,0,0,1,0,2,1,0,0,1
7,2,0,1,2,2,2,1,0,0,1,1,0,0,0,0,0,0,0,2,1,1,0,0,0,0,1,0,1,0,0,1,0,0,0,1,0,1,0,1,2,0,1,0,2,0,0,0,0,1,0,0,0,1,0,0,2,0,0,0,1,1,1,0,0,0,0,0,0,1,0,3,0,0,0,1,2,0,4,0,0,1,0,1,1,0,0,0,0,1,0,1,1,1,0,1,1,0,1,1,0,1,0,0,2,0,0,1,1,0,2,0,0,1,2,0,2,2,1,1,0,0,2,1,0,2,2,1,0,1,0,0,1,0,0,2,0,1,0,1,1,1,1,0,0,2,0,0,0,1,0
8,2,0,1,1,0,1,0,1,2,0,2,0,1,0,1,0,0,1,0,2,0,0,0,0,2,0,1,0,0,1,0,0,1,1,0,0,2,0,1,0,0,1,1,2,0,0,0,1,0,0,0,0,0,0,2,1,0,1,0,0,0,1,0,2,0,0,1,1,1,1,0,0,0,2,2,2,0,0,0,1,0,0,0,1,0,0,0,1,0,1,1,0,0,1,1,2,0,0,0,0,0,1,0,1,1,3,1,0,1,0,0,1,0,0,1,1,1,0,0,0,0,0,0,0,1,1,1,1,1,1,1,0,0,1,1,0,0,0,0,1,3,1,1,1,2,0,1,0,0,1
9,1,1,0,1,1,2,2,1,2,2,1,1,2,0,0,0,0,1,0,0,0,0,1,0,0,0,1,0,0,1,0,0,0,1,0,0,1,1,2,1,0,0,3,1,0,1,1,2,0,1,0,0,0,0,1,0,1,0,0,0,3,0,1,0,0,0,1,1,0,0,1,0,3,0,1,0,1,1,3,0,0,2,2,1,0,0,0,0,1,2,0,1,0,2,0,1,1,0,0,1,0,0,2,0,1,0,0,1,1,0,1,0,1,3,2,1,0,1,0,0,0,0,0,0,1,1,2,0,0,2,1,0,2,1,1,0,0,0,1,4,0,0,1,0,0,0,1,0,2,1
10,1,1,1,0,1,0,1,0,1,1,0,1,0,0,0,0,0,1,0,3,0,1,2,0,0,0,0,0,2,2,0,0,0,0,1,2,0,0,0,1,0,0,1,0,1,1,1,0,0,0,0,0,0,0,0,0,0,0,1,2,0,0,0,1,1,0,1,0,1,1,2,0,0,1,2,0,2,1,1,0,1,0,1,0,1,0,0,1,0,0,0,2,1,1,0,0,1,1,0,0,3,0,2,0,0,0,0,0,0,0,0,1,1,0,0,0,0,2,1,0,0,1,1,0,2,1,2,0,0,0,2,0,1,1,1,2,0,0,0,0,0,1,1,0,0,1,0,4,0,0
11,0,0,1,1,0,2,0,2,2,1,1,1,1,0,1,0,0,0,2,2,0,0,1,1,0,3,0,1,0,1,0,0,0,1,0,0,0,1,1,1,2,0,0,1,1,1,0,0,0,1,0,0,0,1,0,1,0,0,3,2,1,2,0,1,1,0,0,1,1,0,0,1,1,0,0,0,2,1,1,1,2,2,0,1,1,2,0,1,2,1,0,0,1,1,1,1,0,1,2,0,1,1,2,0,1,0,2,1,0,0,1,0,0,1,1,0,0,2,0,0,2,0,0,1,0,1,1,1,3,3,0,0,1,1,1,0,0,0,0,0,1,0,1,0,1,1,0,0,0,0
12,0,2,0,0,0,1,1,0,0,0,0,0,0,0,0,1,1,2,0,2,0,0,1,0,0,1,2,0,0,1,3,1,0,1,0,1,0,0,1,3,1,0,1,1,0,1,2,0,1,2,1,1,0,2,1,2,1,2,0,0,0,1,0,1,1,2,0,0,2,0,0,0,0,2,1,2,1,2,1,0,0,1,0,1,0,0,2,0,1,0,1,2,0,0,0,0,0,2,0,0,1,2,1,1,2,1,0,1,0,0,1,0,0,2,0,1,0,2,1,1,1,1,1,0,1,2,0,2,2,2,0,2,0,1,1,0,0,1,0,0,1,2,1,1,0,2,2,1,1,2
13,1,2,0,0,1,1,0,0,1,1,1,0,0,1,0,1,1,1,1,2,2,1,0,1,2,0,1,3,0,0,0,0,1,1,0,2,1,1,1,1,0,0,1,0,0,0,1,0,0,1,0,1,0,1,0,0,2,0,0,0,1,1,0,1,1,0,1,0,0,1,1,0,0,2,1,0,0,2,1,0,0,1,1,0,1,0,1,0,0,1,2,1,4,1,1,1,1,0,3,1,0,1,0,0,0,0,1,0,0,1,2,1,1,2,0,1,1,2,1,1,1,0,2,1,1,1,0,1,0,1,1,2,1,0,2,0,0,2,0,0,1,1,0,0,0,1,0,0,1,0
14,0,3,0,0,1,0,0,1,0,1,0,0,1,0,1,0,0,1,0,0,0,0,0,1,1,1,0,1,3,1,0,1,0,0,1,0,0,2,0,0,2,0,3,2,0,0,1,1,1,0,1,0,0,0,0,1,0,2,0,0,0,0,0,1,0,1,1,1,0,1,0,0,1,0,0,2,0,1,0,1,0,1,1,1,0,0,0,0,0,2,0,1,2,2,0,1,0,2,1,0,1,0,0,0,0,1,1,1,1,0,2,0,0,1,1,0,0,1,0,0,0,0,2,0,0,0,0,0,0,0,1,1,0,0,0,2,0,1,0,1,1,2,0,0,1,1,0,1,0,0
15,0,2,0,1,0,0,0,1,0,0,0,2,1,1,2,0,1,0,3,0,1,0,0,0,0,1,2,0,0,1,3,0,0,0,0,1,0,0,1,0,2,0,0,0,0,1,0,1,0,0,0,0,0,0,0,0,0,0,0,1,1,1,1,2,0,0,1,0,0,0,1,1,3,0,2,0,1,3,0,0,1,0,0,0,1,1,1,1,0,2,0,1,1,2,0,1,0,0,2,0,1,1,0,0,0,1,2,1,0,1,0,1,1,0,2,1,1,1,0,0,2,2,0,1,0,2,0,0,1,0,3,0,0,2,0,0,0,0,0,1,0,0,1,1,2,0,1,0,1,0
16,0,0,0,1,0,1,0,1,0,0,1,2,0,1,0,1,1,0,0,1,0,0,2,0,1,1,1,1,2,0,1,1,0,1,0,1,1,0,0,3,0,0,0,1,1,0,1,0,0,0,1,1,0,1,0,0,1,1,0,1,0,0,0,2,1,0,2,3,0,0,0,0,1,0,0,1,0,0,1,0,0,1,0,0,0,1,0,0,0,0,2,0,0,1,1,1,2,0,0,0,2,1,0,0,0,0,0,1,0,0,1,1,1,1,1,0,1,1,2,0,1,2,0,1,3,1,1,0,2,2,1,2,0,0,0,0,1,1,1,2,0,0,0,0,1,1,0,0,1,1
17,0,0,3,0,0,0,2,0,1,1,0,1,0,0,0,2,1,0,1,2,2,0,1,0,0,0,2,1,0,2,1,1,0,0,2,1,0,1,0,2,0,1,0,1,0,0,0,3,1,0,2,0,0,0,0,0,0,2,0,1,0,0,0,1,0,0,1,1,0,0,2,1,0,1,0,1,0,1,1,2,1,0,1,1,1,0,0,2,0,0,1,0,0,0,0,1,1,0,0,1,1,2,2,3,0,0,1,0,0,0,0,1,1,0,0,2,0,0,0,0,1,0,1,1,0,1,0,0,2,1,0,1,0,1,2,1,0,2,0,1,1,0,2,2,1,0,3,0,1,2
18,0,0,0,0,1,1,1,2,2,1,2,2,0,0,0,2,1,1,0,1,1,0,0,1,2,0,1,1,0,0,0,0,1,1,1,1,1,0,0,0,0,1,2,1,1,0,0,0,0,0,0,0,1,1,0,1,2,0,0,0,0,0,2,1,1,0,0,1,1,0,0,0,0,1,0,0,1,0,4,1,0,0,0,0,0,0,0,4,0,1,1,0,0,0,0,2,2,0,0,0,0,0,2,1,2,1,0,1,1,0,0,0,0,2,0,4,0,0,1,1,0,0,0,0,0,0,0,2,0,0,0,0,0,1,1,0,0,2,3,2,0,1,0,2,1,0,1,0,0,0
19,2,0,4,1,2,0,2,1,2,0,1,1,0,0,2,1,1,0,0,0,0,0,0,0,0,1,0,0,1,0,0,2,0,2,0,0,1,0,1,1,1,3,1,3,2,1,2,1,0,2,1,0,1,0,1,1,0,0,0,0,1,1,0,0,0,1,0,1,1,0,3,1,1,0,1,2,2,0,0,0,0,1,0,0,1,2,1,0,1,0,1,0,0,0,1,3,1,2,0,2,1,0,0,3,3,2,1,1,0,1,1,4,0,0,1,2,1,0,0,0,0,2,0,1,0,0,0,0,0,0,2,1,3,0,0,0,1,0,0,1,0,0,1,0,1,0,2,1,1,1
20,0,0,0,0,0,2,1,1,0,1,1,0,0,1,1,0,2,2,2,0,1,2,2,0,1,2,0,0,0,0,2,0,1,1,1,2,1,0,1,3,1,0,1,0,2,0,1,0,0,0,0,0,0,0,0,0,0,1,1,0,0,1,1,0,1,1,0,1,0,2,0,0,0,2,2,0,0,0,1,1,1,2,1,0,2,0,1,0,0,1,0,0,1,0,1,0,0,0,0,1,0,0,3,0,1,0,1,0,0,1,0,0,1,0,0,1,0,0,1,0,1,1,2,0,1,0,0,2,1,1,0,0,1,1,1,1,0,0,0,0,1,1,1,1,1,0,0,0,4,1
21,2,1,1,1,0,0,0,0,0,0,0,0,1,0,0,1,2,2,0,0,1,1,0,1,1,0,1,1,0,0,0,0,1,1,3,2,0,0,0,1,0,2,2,1,0,0,1,1,1,1,0,2,1,2,2,2,0,0,0,1,0,1,0,0,1,1,2,0,0,1,0,1,1,3,1,3,0,0,0,0,0,0,1,2,1,1,1,2,0,0,0,0,0,1,2,0,2,1,3,0,2,1,1,1,0,1,0,0,0,1,0,1,2,0,1,0,1,0,1,0,1,0,2,1,1,1,0,1,0,0,1,1,0,0,1,0,0,0,1,0,1,0,0,0,1,0,0,2,2,1
22,1,0,0,2,0,3,0,0,0,2,0,0,0,0,0,0,2,0,1,2,2,0,0,0,0,1,0,0,1,2,0,1,0,0,2,0,1,1,0,0,0,1,0,2,0,0,1,2,3,1,2,0,1,0,1,0,0,0,1,3,0,1,3,1,2,2,0,2,1,1,0,0,1,0,1,0,1,1,0,0,0,0,3,1,1,0,3,0,2,0,0,0,0,0,0,0,0,0,1,1,0,1,0,2,1,2,1,0,1,1,0,0,1,1,0,2,1,0,1,1,1,2,2,1,1,0,1,0,0,0,2,2,1,1,1,1,1,2,1,1,0,2,0,1,1,1,1,1,1,1
23,0,0,2,0,0,0,1,0,0,0,2,0,1,2,2,1,0,0,3,2,2,1,0,0,1,2,2,0,4,1,1,1,1,2,1,1,1,3,1,4,1,2,1,0,2,0,1,1,0,0,1,0,1,0,1,0,2,0,0,1,0,0,2,0,0,1,1,1,0,0,2,0,0,1,0,0,0,0,2,0,0,2,0,2,1,0,1,0,0,1,0,1,0,0,0,1,0,0,0,0,0,0,1,1,1,0,0,2,3,0,0,0,1,0,0,1,1,1,2,1,2,1,0,2,0,0,1,0,1,1,0,0,1,0,2,1,1,1,0,0,2,0,0,2,0,0,2,0,1,3
24,1,0,1,0,1,1,0,0,1,1,0,0,0,3,0,0,2,0,0,0,0,0,0,0,0,1,2,0,1,2,1,1,0,1,0,0,0,0,2,0,0,2,0,0,2,0,2,0,0,0,1,0,0,0,0,1,0,2,0,2,2,1,1,0,0,1,1,0,0,1,1,2,0,2,0,1,1,0,0,2,0,2,2,1,1,0,1,3,0,0,2,0,0,0,2,2,1,0,0,1,2,1,0,0,0,0,0,2,0,0,1,1,0,0,0,0,0,0,1,1,1,2,0,0,1,0,0,0,0,1,0,0,0,1,0,3,2,1,1,1,0,0,1,0,1,1,0,1,0,1
25,0,1,1,0,1,0,0,1,1,1,1,1,0,0,0,2,0,1,2,0,0,1,2,0,0,0,0,1,2,0,1,1,1,0,0,1,2,0,1,1,0,1,2,0,1,3,0,0,1,1,1,1,1,1,0,0,2,1,2,0,3,1,0,0,0,0,0,0,1,2,1,0,0,1,0,0,1,1,0,1,2,1,1,1,1,0,0,0,0,0,2,1,0,1,0,0,1,1,0,1,1,1,0,1,1,1,0,0,0,0,1,0,1,1,1,1,1,0,0,0,0,2,0,0,0,2,0,0,0,3,1,0,1,0,0,1,1,0,0,1,1,0,0,0,0,0,0,1,1,1
26,2,1,1,0,0,0,1,2,1,0,0,0,0,1,0,2,0,1,2,0,1,3,1,0,1,0,0,0,4,2,0,0,1,0,2,0,1,0,0,1,0,0,1,0,1,2,2,0,1,0,0,2,0,2,0,1,1,1,1,1,0,0,3,2,0,1,1,1,0,0,0,0,0,0,0,2,1,0,1,0,1,0,0,0,0,0,0,1,0,0,0,0,0,1,1,0,0,1,0,1,0,1,0,2,0,1,0,0,0,0,2,1,0,1,0,0,0,0,1,0,1,3,0,0,3,2,0,0,1,0,0,1,0,0,0,2,0,1,1,0,1,1,0,1,2,1,1,0,1,0
27,1,1,1,1,1,1,0,1,2,1,0,0,2,2,0,0,1,1,2,0,0,0,2,0,0,1,0,0,2,1,1,0,0,0,0,2,1,0,0,0,1,0,2,1,0,0,1,2,2,0,1,0,1,1,1,0,1,0,0,0,2,0,0,0,1,0,2,1,1,0,1,1,0,0,0,0,1,3,1,3,0,0,0,0,1,0,0,0,0,1,0,0,1,0,1,1,2,0,0,1,0,3,0,0,0,0,0,1,0,0,0,1,0,0,1,0,1,1,0,0,1,2,0,1,0,1,0,1,2,1,2,0,0,0,2,0,0,1,1,0,0,1,1,0,0,0,0,3,0,3
28,1,2,1,1,0,0,1,2,0,0,0,0,3,2,1,1,0,1,0,0,2,1,0,2,0,0,2,2,1,1,1,0,0,2,2,1,0,2,1,0,0,0,0,1,0,1,1,0,0,1,5,0,0,0,0,2,1,0,1,1,1,0,2,0,1,1,1,0,0,1,2,1,1,1,2,0,1,0,0,0,0,2,1,1,0,1,1,0,1,1,1,0,2,0,0,1,2,1,0,2,0,1,0,1,0,2,0,0,0,1,1,0,0,0,1,1,1,1,0,0,1,2,0,0,0,0,0,1,2,2,2,1,0,0,0,3,2,1,3,0,0,1,0,0,0,1,0,0,0,0
29,1,1,1,0,1,0,0,0,0,3,0,2,0,0,0,1,0,0,0,0,1,1,1,0,1,0,0,0,0,4,1,1,1,2,1,1,0,2,2,1,2,1,0,2,0,2,0,0,4,2,2,0,1,0,2,1,0,0,0,0,1,1,0,0,2,0,0,1,1,1,0,1,0,1,1,2,0,0,0,0,1,2,2,2,1,0,0,3,2,1,0,0,0,1,0,0,1,1,1,0,0,1,3,0,1,1,3,1,0,0,0,0,2,2,0,1,2,0,0,1,1,1,0,1,0,2,1,1,1,1,0,1,1,0,2,2,0,0,0,2,0,0,1,0,0,1,0,0,0,1
30,5,0,0,1,1,3,0,1,3,0,0,3,1,1,0,1,1,0,1,2,0,1,0,0,0,0,0,0,2,0,1,1,0,0,1,0,0,0,2,1,2,0,0,0,1,1,0,1,0,0,1,0,1,0,1,2,0,0,4,1,1,1,1,3,0,0,0,0,1,0,1,0,0,1,1,1,0,3,0,1,0,1,2,0,0,4,1,1,0,0,0,2,0,1,0,0,2,0,0,1,0,0,1,0,1,1,3,0,0,1,1,1,0,0,1,1,0,2,1,0,1,1,0,2,1,0,0,2,1,0,1,0,0,4,1,1,0,2,2,0,2,1,0,0,0,1,1,1,0,0
31,1,2,0,0,1,0,0,0,0,0,1,0,0,0,0,2,0,1,0,0,0,0,0,1,0,0,2,1,0,2,1,1,2,1,1,0,1,1,1,0,1,0,0,2,0,0,0,0,0,1,0,1,2,0,1,1,0,1,0,0,1,0,0,0,1,0,1,2,0,0,0,0,1,1,0,0,1,0,1,1,0,0,0,2,4,0,0,0,0,0,2,0,1,0,0,0,0,2,0,1,1,1,1,0,1,4,3,1,1,1,0,0,3,1,1,0,1,0,1,0,2,1,0,1,1,1,1,0,2,1,0,0,1,0,0,0,0,0,0,2,1,0,2,0,0,0,1,2,1,0
32,1,1,0,0,0,0,0,1,1,1,0,0,1,1,0,0,0,1,3,1,0,0,2,1,0,0,0,1,0,0,1,0,1,1,0,0,0,1,1,0,1,0,0,0,0,2,0,0,0,1,1,0,0,2,3,0,0,1,0,2,0,1,0,0,1,1,0,1,1,0,0,1,0,0,0,1,0,2,0,1,1,1,0,3,1,1,0,2,1,0,1,1,2,0,1,1,0,1,2,0,0,1,1,0,3,1,0,0,1,3,0,1,2,0,0,0,1,0,1,0,0,1,1,1,0,1,0,1,3,0,2,1,2,1,0,0,0,0,1,3,0,2,0,0,0,0,0,2,2,1
33,2,2,2,2,0,0,2,1,1,1,0,0,0,0,0,1,0,0,0,1,0,0,1,1,1,1,0,2,2,2,0,2,0,1,1,0,2,1,0,0,1,0,0,2,1,1,0,1,0,0,0,1,1,1,1,0,0,2,0,2,0,3,2,0,0,3,1,2,0,0,0,0,1,1,1,1,2,0,1,0,0,0,2,0,1,0,0,0,1,1,1,0,0,0,0,0,3,2,0,0,1,0,0,1,0,1,0,1,2,2,1,0,0,0,2,0,1,0,0,0,1,2,0,0,0,0,0,0,1,2,0,0,0,1,1,0,0,0,2,0,0,1,1,1,0,3,0,0,0,1
34,0,0,0,0,0,1,1,0,0,0,1,1,0,0,1,1,0,2,2,0,1,0,1,0,2,1,1,1,2,0,0,0,0,0,0,4,0,0,0,0,0,2,1,0,0,1,1,0,2,2,0,1,1,1,1,0,1,0,0,2,1,1,0,0,1,1,1,1,1,0,1,1,0,2,0,0,1,0,1,1,1,0,0,2,3,0,1,0,1,0,0,1,2,1,1,0,2,0,1,0,0,1,0,1,1,3,1,0,2,2,2,0,1,1,3,0,2,2,0,1,1,2,1,0,0,0,1,2,0,0,1,1,1,1,0,0,0,1,0,2,1,0,1,0,1,0,0,1,0,0
35,1,0,0,2,0,0,1,1,0,3,1,0,0,0,0,0,0,0,0,1,0,1,0,2,1,0,0,0,0,0,0,2,0,0,1,0,1,1,0,0,1,1,0,0,0,1,2,1,2,0,0,0,0,0,0,0,1,2,2,1,2,1,0,2,1,0,2,0,0,1,1,2,0,0,0,0,1,1,0,1,1,0,1,1,0,3,0,0,2,2,0,0,1,3,0,0,1,1,0,3,2,1,0,1,0,0,1,1,1,1,1,2,0,0,0,1,1,1,1,0,0,1,1,1,1,2,1,0,1,0,0,1,1,1,4,0,0,1,0,1,2,2,0,1,0,1,1,0,0,0
36,1,0,0,0,1,1,0,1,0,0,1,0,0,0,1,1,0,0,0,1,0,0,0,2,0,1,0,1,0,0,0,2,1,1,0,1,0,1,1,1,1,1,1,1,0,1,1,1,1,0,1,0,1,1,0,1,1,0,1,0,1,0,0,1,0,0,0,0,0,1,1,1,0,0,1,1,0,0,0,2,1,0,0,0,1,0,2,0,1,2,2,0,2,1,0,1,0,1,1,1,0,1,0,0,0,0,2,1,0,1,0,0,0,1,5,1,0,2,0,1,1,1,0,0,2,1,0,2,1,1,0,1,0,1,1,1,0,0,2,0,1,1,1,0,1,0,0,1,1,2
37,0,0,1,0,1,0,1,0,0,1,0,1,2,2,1,0,1,0,2,0,0,1,1,2,0,1,1,2,1,0,0,0,1,1,0,1,1,1,1,2,2,0,0,0,0,1,0,0,5,3,1,0,2,1,0,2,1,0,1,2,0,1,1,0,0,3,1,0,2,1,1,2,0,1,2,1,1,0,0,0,0,0,2,0,0,1,1,4,1,0,0,0,1,2,1,0,1,0,2,0,0,0,1,0,0,0,0,1,3,1,2,1,0,1,0,2,1,1,1,0,1,0,0,1,2,4,0,2,0,0,0,1,0,0,0,0,0,1,2,1,1,0,0,0,1,0,1,0,0,1
38,3,1,0,0,1,1,0,0,0,0,2,2,1,1,1,2,3,3,1,0,0,0,0,2,2,1,0,0,1,0,0,2,2,2,0,0,0,1,0,1,0,0,3,0,1,2,1,0,0,1,0,1,0,0,0,0,1,2,0,0,1,1,1,1,0,1,0,0,0,0,2,1,1,1,2,0,3,3,0,0,0,0,0,0,0,1,0,2,1,0,0,1,2,0,2,1,0,0,0,1,1,0,0,1,1,0,0,0,1,0,0,0,0,0,1,1,0,0,1,2,0,1,1,1,1,1,0,1,0,0,0,1,0,0,1,0,2,0,1,0,2,0,0,0,0,0,0,0,1,0
39,0,1,1,1,0,0,0,0,2,2,1,0,0,3,0,1,1,0,1,1,0,0,1,0,1,1,1,1,0,0,1,0,0,0,1,1,1,1,1,1,1,2,0,1,1,1,0,3,0,2,0,1,1,0,1,0,1,0,0,2,1,0,2,0,0,0,0,0,0,0,1,2,0,1,0,1,0,0,1,0,1,0,1,0,0,1,1,1,1,0,1,0,1,0,0,3,0,3,1,0,0,0,0,0,0,0,0,2,1,0,2,2,1,0,1,0,1,0,0,1,0,0,1,0,1,0,1,0,0,1,3,0,1,1,0,1,0,0,0,1,1,1,2,0,1,1,1,1,1,1
40,1,3,0,0,2,0,1,0,0,1,0,1,0,0,2,1,1,0,2,1,2,0,1,0,1,0,3,0,1,0,0,0,2,0,1,0,2,1,0,1,3,0,0,0,2,0,0,1,0,0,0,3,0,0,2,4,0,0,2,1,1,1,2,3,1,0,0,0,2,1,1,0,1,3,0,0,1,1,0,3,0,3,1,1,0,0,0,1,2,0,2,1,1,2,0,0,2,0,0,0,0,2,1,0,2,1,2,1,0,0,0,2,0,0,0,2,0,0,0,1,1,2,0,1,1,0,0,1,0,0,0,1,0,0,0,1,0,0,0,1,0,1,0,0,0,1,1,0,0,1
41,1,0,1,1,0,0,0,2,0,2,2,1,0,0,1,1,2,0,0,0,1,0,0,1,0,0,2,2,3,2,1,1,0,0,1,0,0,1,1,1,0,0,1,0,1,1,0,0,1,0,1,0,1,1,1,1,1,0,1,2,0,1,1,2,1,0,2,0,0,0,0,1,0,1,1,2,2,1,0,1,1,2,0,1,1,0,1,0,0,1,0,0,0,0,0,1,1,1,1,1,0,0,0,2,3,0,0,2,0,2,0,1,1,3,0,0,0,0,0,0,0,0,1,1,0,0,1,1,1,0,1,1,1,0,1,0,1,0,1,0,1,1,0,1,1,0,1,0,0,0
42,3,1,1,3,0,0,1,2,1,1,0,0,0,1,0,0,1,2,1,2,1,2,0,0,2,1,0,1,1,0,0,0,0,1,1,1,0,1,1,0,1,1,0,1,0,1,0,0,2,1,1,1,0,3,2,2,1,0,0,0,3,1,1,3,0,1,1,1,0,0,0,2,0,0,1,0,1,2,2,0,0,1,0,0,1,0,0,0,2,1,0,0,0,1,2,1,1,3,1,0,0,0,1,2,2,1,0,2,0,0,0,1,0,1,1,0,1,0,1,2,1,2,4,2,0,1,1,0,2,0,0,2,0,0,0,1,1,0,1,1,1,0,2,1,0,1,3,1,1,1
43,0,0,0,1,0,1,0,1,3,0,1,1,2,0,1,0,1,1,0,0,0,0,1,1,1,0,0,0,2,0,1,0,0,0,0,1,0,0,0,0,2,0,0,1,1,0,1,0,0,1,0,0,0,1,0,0,2,1,0,1,1,0,3,0,0,1,0,1,1,1,0,0,1,0,0,1,1,0,1,2,0,1,1,1,1,0,0,0,2,2,1,0,1,1,2,0,1,1,0,0,1,0,0,1,0,0,0,0,1,0,2,2,0,2,2,1,2,0,0,0,0,0,0,1,0,1,0,0,0,2,1,0,0,0,0,0,1,1,1,1,0,1,2,1,2,0,0,1,0,1
44,0,1,0,1,1,1,1,2,1,1,0,0,0,0,5,1,3,1,0,0,0,0,0,0,0,0,0,1,0,0,1,0,1,1,1,0,1,2,1,1,3,0,0,0,0,0,0,0,0,0,1,0,1,0,0,0,1,0,0,4,0,1,0,0,2,0,1,0,1,0,0,0,1,0,0,0,0,1,0,1,0,1,1,1,2,1,1,2,1,2,0,0,0,1,0,1,1,0,0,1,1,1,0,0,0,0,1,0,1,2,2,0,0,1,1,1,0,0,1,1,1,0,3,2,0,1,1,1,2,0,0,1,0,0,1,1,1,0,1,2,0,3,1,1,1,2,2,0,2,0
45,0,3,1,0,2,2,0,0,2,1,2,0,1,0,1,0,3,1,1,2,1,1,1,1,0,0,1,1,0,1,1,1,1,1,2,0,0,3,1,0,1,0,0,0,2,3,0,2,0,1,0,2,1,2,1,2,1,0,0,0,2,0,3,1,0,0,0,1,0,1,1,0,0,1,1,0,0,1,0,0,0,0,1,0,1,1,0,0,3,0,1,2,1,0,0,0,1,0,0,3,0,3,1,0,0,0,1,2,0,0,0,1,2,0,0,0,0,1,1,0,0,0,1,0,0,0,0,0,0,0,0,0,2,2,1,0,3,0,0,2,1,0,0,0,0,1,2,0,0,0
46,0,1,1,1,1,1,2,3,2,1,1,0,1,2,1,1,1,2,0,1,1,2,0,3,1,0,2,0,3,0,1,0,0,0,1,0,0,0,0,0,0,1,0,0,0,1,0,0,1,0,1,3,0,3,0,1,1,1,0,0,1,2,0,0,0,1,1,1,0,1,0,0,1,0,2,0,1,1,1,1,1,0,0,0,0,0,2,0,1,1,1,1,2,1,0,1,0,0,0,2,2,0,2,0,1,0,1,1,2,1,1,1,1,2,0,0,1,0,0,0,2,2,0,1,2,1,0,0,0,0,0,0,1,1,0,1,1,2,0,0,1,0,2,0,2,2,2,3,1,0
47,1,0,0,1,2,0,2,0,0,0,1,2,3,0,2,2,1,2,0,2,1,0,6,0,1,2,0,1,0,2,2,1,1,5,1,0,0,4,1,0,0,0,0,0,0,0,0,1,2,1,0,0,0,2,0,0,0,0,1,0,1,1,0,0,0,1,2,2,0,0,1,0,1,0,1,3,0,1,0,0,0,0,3,0,0,0,2,1,1,0,0,0,2,1,2,1,0,1,0,1,0,0,2,1,1,2,1,0,0,0,1,1,0,2,0,1,0,2,1,0,0,2,0,0,1,0,1,0,2,0,1,0,1,0,1,1,1,1,1,1,0,0,0,1,1,1,0,3,0,1
48,0,1,0,0,0,1,1,0,2,1,0,0,0,1,1,4,1,0,0,1,0,0,0,3,0,0,1,0,0,1,1,0,1,1,1,0,0,1,0,0,1,1,3,1,1,1,0,1,1,0,2,1,0,1,0,0,0,0,5,1,0,1,1,0,0,1,0,0,0,2,1,0,1,0,0,0,1,1,1,1,0,3,2,0,1,1,1,0,1,2,0,0,0,1,0,2,0,0,0,0,0,2,0,0,0,0,1,0,0,0,1,0,2,0,0,0,0,0,1,0,0,1,1,0,0,0,1,0,1,0,3,1,0,0,0,0,1,0,1,1,1,0,0,1,0,2,0,2,0,0
49,0,0,0,0,0,0,1,1,0,0,3,1,0,1,0,0,2,1,0,0,1,3,0,2,0,1,0,1,1,0,1,0,1,0,1,1,1,1,0,1,0,1,1,1,1,0,0,0,1,0,0,0,0,1,1,0,0,0,3,0,1,1,0,0,0,2,2,0,1,0,0,2,1,0,1,0,1,1,0,0,3,0,4,2,0,1,0,1,1,1,1,1,1,0,1,2,0,0,0,0,0,1,0,0,2,0,1,0,2,0,0,0,0,1,1,0,2,0,0,0,1,0,0,0,1,0,1,1,0,1,1,2,0,1,1,0,0,3,0,1,0,1,2,1,0,0,1,1,0,0
50,0,0,2,0,0,2,0,1,0,0,3,0,0,1,1,1,1,1,1,1,2,0,0,0,0,0,1,0,1,0,0,0,0,2,1,5,1,1,1,1,1,2,1,0,1,1,0,1,1,1,1,0,0,1,0,2,1,0,0,1,3,1,2,2,0,3,1,0,2,2,1,1,2,1,0,0,1,0,0,0,1,0,0,0,1,1,0,0,1,2,0,0,0,0,0,3,3,0,1,3,0,0,1,1,1,1,0,0,0,1,1,0,0,0,1,0,4,0,1,1,0,1,0,2,1,0,1,0,1,2,0,1,0,0,0,1,1,0,0,2,0,0,0,1,0,1,2,1,1,0
51,0,0,0,1,1,0,1,2,0,1,0,0,1,1,1,0,1,2,0,0,0,1,2,1,0,1,0,1,2,0,1,0,1,1,0,0,0,1,0,1,0,0,0,0,0,0,1,1,1,1,0,1,1,3,0,1,0,0,0,0,0,1,0,0,0,1,1,1,0,0,1,1,0,0,0,1,3,1,0,1,1,2,3,1,1,0,2,0,2,1,1,1,2,1,2,0,1,1,0,0,0,0,0,0,1,0,2,1,0,0,1,2,2,2,0,1,3,2,1,4,0,1,1,2,0,3,2,0,0,2,0,0,1,0,0,0,2,0,0,1,0,1,0,0,1,0,1,0,0,0
52,0,0,0,1,0,0,2,1,0,1,0,0,1,0,1,0,0,0,0,0,1,2,1,0,0,0,1,0,2,1,2,1,1,0,1,0,0,2,1,1,0,1,0,0,0,1,0,1,0,1,1,2,0,0,1,0,1,0,0,2,1,2,0,1,1,0,1,0,0,1,0,1,1,0,0,0,0,0,0,1,1,0,0,3,1,0,1,2,0,0,0,4,2,1,0,2,0,0,0,0,3,1,1,1,2,1,1,1,0,2,1,0,1,0,0,1,0,0,3,0,0,0,0,1,0,0,2,0,0,0,1,0,0,3,2,3,1,0,1,1,1,0,2,3,0,2,1,2,0,0
53,0,1,2,0,2,0,2,1,0,0,0,0,0,1,1,0,2,1,0,0,0,0,0,1,0,1,0,1,0,2,0,1,0,0,1,1,0,1,1,0,0,1,1,1,2,1,0,0,0,2,1,1,2,0,1,1,0,1,0,1,1,0,0,0,0,1,0,0,0,0,1,0,1,1,0,1,0,1,3,0,0,1,0,2,2,0,3,1,0,1,0,0,0,1,2,0,0,0,1,0,0,0,0,0,1,0,0,2,0,2,1,2,0,0,2,1,0,3,0,3,1,1,1,0,0,1,0,1,0,0,2,0,1,1,1,2,0,1,1,1,2,0,1,2,1,1,0,0,0,0
54,0,1,1,1,0,0,2,1,1,2,0,1,1,2,1,2,1,0,2,0,3,1,0,3,1,2,0,0,0,0,1,1,1,0,1,0,1,0,1,0,1,0,1,2,2,1,1,1,2,0,0,0,0,0,1,0,0,1,3,0,0,0,0,1,2,0,1,1,0,0,0,2,1,1,2,0,0,0,1,0,2,1,1,1,0,0,0,0,1,2,1,1,1,1,1,0,0,1,2,1,3,0,0,0,2,1,0,0,3,1,1,0,2,1,0,2,1,1,0,2,0,2,1,0,5,0,0,0,0,0,0,1,1,0,1,0,3,1,0,0,2,1,0,1,0,0,0,1,1,1
55,0,2,0,1,1,0,2,0,0,1,1,0,0,0,0,0,1,0,0,2,0,0,2,2,0,1,1,0,3,0,1,2,1,0,1,1,1,0,1,0,1,1,2,0,0,1,1,1,2,0,0,2,0,2,0,0,1,1,1,0,1,0,1,0,1,2,0,1,1,0,0,2,0,0,1,0,1,0,0,0,0,3,0,0,0,1,0,1,1,0,2,1,0,0,0,0,0,2,0,0,0,0,1,1,0,1,0,0,0,0,1,0,1,2,0,0,0,1,2,0,0,1,1,0,0,1,2,0,0,0,0,1,1,2,0,2,3,2,1,0,0,3,1,0,1,0,1,1,0,0
56,0,0,2,0,0,1,1,0,1,1,1,0,0,0,1,2,1,1,0,0,1,0,3,0,1,2,0,1,2,1,0,0,0,1,1,0,2,1,0,0,1,2,0,1,1,0,3,1,1,1,1,1,2,0,1,1,1,1,0,0,0,0,0,2,0,1,1,0,1,1,1,1,1,0,0,1,0,1,0,2,0,1,0,0,0,1,0,1,4,1,1,1,2,1,1,1,0,0,2,0,1,0,1,1,1,1,1,1,0,2,0,0,0,0,2,2,0,0,0,0,0,0,2,1,0,0,2,1,1,4,1,0,0,1,0,1,0,0,0,1,0,0,1,0,3,1,1,1,0,2
57,1,0,1,2,1,2,0,0,3,0,0,1,1,1,0,0,0,0,0,0,0,2,2,1,0,1,1,0,1,1,0,1,0,0,0,0,0,0,2,2,0,2,1,2,0,1,2,0,0,0,1,3,1,2,0,2,2,1,2,2,1,1,0,1,0,1,0,0,0,1,0,0,1,1,0,0,0,0,0,1,3,3,2,0,0,0,2,1,0,4,0,1,1,2,0,0,0,2,2,1,0,0,0,1,1,0,0,1,0,0,0,0,0,0,1,1,1,1,1,2,0,4,0,0,0,0,0,1,0,1,0,0,0,1,1,1,0,3,1,0,1,0,2,3,0,2,0,1,1,1
58,0,0,0,1,0,2,1,1,0,1,1,3,1,0,0,1,0,1,1,3,2,2,0,1,0,0,0,1,0,1,2,1,0,0,0,0,2,1,0,0,0,0,0,0,2,0,0,2,0,3,0,2,1,1,1,1,0,2,1,0,0,1,1,1,0,0,1,0,0,1,0,1,1,1,0,0,1,1,0,0,1,0,0,0,2,0,0,0,1,0,0,3,0,2,0,0,1,0,0,0,1,0,0,0,0,1,0,1,0,1,1,1,0,0,2,1,1,3,1,1,1,3,2,1,0,2,1,1,0,1,1,0,0,0,1,1,2,0,1,1,2,1,0,0,1,0,0,1,1,0
59,0,1,1,1,2,1,1,2,0,0,3,2,0,0,0,0,0,1,0,1,0,1,0,2,0,1,1,0,0,2,0,1,3,1,0,0,1,0,0,0,0,1,1,0,1,1,2,0,2,0,3,0,1,0,0,0,0,1,1,0,1,0,0,1,0,0,0,1,0,1,2,0,0,0,0,0,2,2,0,2,1,0,3,0,0,5,0,0,0,2,1,2,1,0,2,3,0,2,0,1,0,0,0,3,2,0,0,3,1,1,1,1,2,0,0,0,1,0,1,0,1,1,0,0,1,1,1,1,1,1,1,0,1,1,0,1,3,1,1,0,0,1,0,0,1,1,2,1,1,3
60,1,0,0,0,1,0,0,0,0,0,1,0,0,0,0,1,0,0,0,0,1,1,3,1,1,0,2,1,2,0,0,0,1,1,0,1,2,0,0,0,1,1,0,0,1,0,2,0,0,0,0,0,1,1,2,0,0,1,1,1,0,1,0,1,2,1,0,1,1,0,0,1,1,1,1,1,0,0,1,3,0,2,1,0,0,1,0,1,0,2,3,0,1,0,0,1,3,0,0,0,1,0,0,0,2,1,1,2,1,0,0,0,0,2,1,0,0,0,0,2,0,2,0,0,0,1,0,0,3,0,0,1,1,0,2,0,1,1,0,0,2,0,0,2,0,0,3,0,1,0
61,0,2,0,1,0,2,1,1,0,0,0,0,0,2,1,1,1,1,1,0,0,0,1,1,0,2,0,1,1,0,0,4,2,1,1,0,2,0,1,1,2,0,0,2,1,0,1,1,1,1,2,1,1,2,1,0,1,2,0,1,1,0,2,0,1,1,0,1,3,0,1,1,2,1,1,2,0,1,1,1,3,0,2,0,1,2,2,0,0,2,0,2,2,0,0,0,1,2,0,1,2,1,0,1,0,2,1,0,1,0,0,2,1,1,0,0,1,1,0,1,1,1,1,3,2,1,0,0,2,0,1,2,3,1,2,0,2,3,0,0,1,1,1,1,1,0,1,2,1,0
62,2,0,2,0,0,0,1,3,0,1,0,0,1,0,0,1,1,1,1,0,0,2,1,0,0,0,0,0,1,0,0,1,1,1,0,1,0,0,0,0,1,0,2,1,1,0,1,2,1,0,4,1,1,0,1,1,0,0,0,0,2,0,0,0,0,1,0,3,0,1,0,1,0,0,0,0,1,0,0,1,1,0,1,1,1,2,1,0,1,1,0,0,1,2,0,2,1,1,2,2,2,0,1,0,0,1,0,1,0,0,1,0,0,1,2,0,0,0,0,0,2,2,2,2,4,1,2,2,0,1,1,2,1,1,0,0,1,2,1,0,0,1,0,0,0,1,0,1,0,0
63,0,0,0,0,0,0,0,0,1,2,1,0,0,0,0,0,1,1,0,0,0,1,0,0,0,1,0,0,1,1,1,1,0,0,0,2,1,1,0,0,0,0,0,2,0,1,0,1,2,0,2,1,0,1,1,0,0,1,1,0,1,0,1,0,3,1,0,1,0,1,1,1,2,1,1,0,0,2,0,1,0,0,1,1,0,0,1,1,0,2,0,0,0,0,1,0,0,0,1,0,1,2,1,0,0,0,0,0,1,1,0,0,0,0,1,0,0,3,0,2,0,2,1,0,0,0,2,0,0,1,1,2,0,0,1,2,2,2,0,0,0,1,1,0,1,0,0,1,1,2
64,2,1,1,0,0,0,4,0,1,0,0,0,2,1,2,0,0,1,0,0,1,0,3,0,0,1,0,0,2,0,1,0,0,1,2,0,1,1,1,0,0,2,0,1,1,0,0,1,1,1,0,2,1,0,0,4,2,0,0,0,1,1,1,3,1,1,1,0,2,2,0,1,1,0,1,0,0,1,1,1,0,2,1,0,0,2,0,1,1,0,0,2,0,2,0,0,0,1,1,3,1,0,0,1,1,2,1,0,0,1,0,0,0,1,1,1,0,0,1,2,2,1,1,0,1,2,3,0,1,0,1,1,0,0,1,0,1,1,0,0,1,0,2,0,1,0,2,1,0,1
65,0,0,0,0,2,1,0,0,0,0,0,0,0,1,1,0,0,1,0,0,0,2,1,0,0,1,0,0,2,0,0,2,1,0,1,0,1,1,0,0,1,3,0,1,1,0,0,1,2,0,1,2,1,2,1,0,1,0,2,0,1,0,0,0,0,1,0,2,1,0,1,1,0,1,0,0,0,0,0,2,0,1,1,0,0,1,2,1,1,0,1,1,0,0,1,1,1,1,0,1,0,0,1,1,0,0,0,0,0,0,1,1,0,0,1,0,1,0,1,1,1,1,0,2,1,0,1,0,1,0,0,1,0,2,1,0,0,0,2,0,0,0,2,0,1,0,1,2,0,1
66,0,1,1,0,0,1,0,0,0,0,1,0,1,0,1,1,0,0,1,0,4,1,0,1,2,0,0,3,2,0,0,1,0,1,0,1,0,1,0,2,1,0,0,1,2,0,0,0,0,0,0,1,2,0,1,1,1,0,0,0,1,0,1,0,1,1,3,2,2,1,2,0,1,1,0,0,2,0,1,2,1,0,1,1,0,0,2,0,0,2,2,3,1,0,0,0,1,0,1,2,0,3,0,2,0,0,0,1,2,0,1,1,0,2,1,2,3,0,2,0,0,0,1,1,0,0,1,1,0,1,1,1,0,1,0,1,3,1,0,0,2,1,3,1,2,1,1,0,0,1
67,1,2,0,0,1,0,1,0,1,0,0,0,1,3,0,0,0,0,0,1,0,1,2,0,0,1,0,1,0,1,2,2,2,1,0,1,0,1,0,0,1,1,0,1,0,1,1,1,1,2,0,0,3,0,1,4,0,0,1,1,0,0,0,0,1,0,1,0,1,0,1,1,0,1,0,1,1,0,0,0,2,0,1,1,0,0,1,1,1,0,0,1,0,1,0,2,1,1,0,0,1,0,0,1,0,0,1,0,2,0,0,0,0,1,0,3,0,1,1,2,0,0,2,0,1,1,1,1,1,1,0,1,0,2,1,1,0,0,1,1,0,0,0,0,1,0,0,0,2,0
68,0,1,0,1,0,2,0,1,1,0,1,1,0,2,0,0,0,0,0,3,0,0,0,1,0,1,4,1,1,3,0,0,1,4,1,0,0,0,1,0,1,0,2,0,1,1,1,1,0,2,1,1,1,2,0,0,1,1,0,1,0,0,0,1,2,0,1,1,1,1,0,1,1,1,1,1,1,0,0,1,0,0,0,1,2,2,0,0,2,1,2,0,0,0,1,1,0,0,0,0,0,0,0,0,1,1,0,0,0,2,1,2,1,0,0,1,0,2,0,0,0,1,1,0,0,1,0,1,0,0,0,0,2,0,2,0,1,0,0,1,2,1,1,1,2,3,0,0,2,0
69,1,0,2,1,0,1,0,0,0,1,0,2,0,0,2,0,0,2,0,0,0,0,1,1,1,0,1,0,1,0,1,1,0,1,1,0,1,0,0,1,2,0,0,2,1,1,2,0,1,1,0,0,0,0,1,0,1,0,1,2,0,2,1,0,1,0,0,2,1,2,1,0,0,1,3,1,1,1,1,0,0,0,0,2,1,1,1,2,1,0,2,1,1,0,1,0,2,0,2,0,2,4,5,2,0,1,1,1,0,0,2,1,0,0,2,0,0,2,2,1,0,2,0,2,0,0,1,1,3,0,1,0,0,1,1,0,0,0,1,1,0,2,1,2,1,0,0,0,1,1
70,0,2,2,0,2,0,0,1,0,2,1,1,0,0,1,1,1,0,0,0,0,1,0,0,2,0,1,2,1,1,0,0,0,0,1,0,1,1,1,1,1,0,1,0,1,0,0,0,1,0,0,1,0,0,1,0,1,2,0,0,1,1,3,1,0,0,2,0,1,0,1,2,0,0,0,2,0,0,2,1,1,0,1,1,1,1,2,0,0,0,1,1,2,0,1,2,1,0,0,1,0,2,1,0,0,0,1,0,0,0,0,1,2,1,2,0,0,0,0,1,0,1,2,0,2,0,3,0,1,3,2,1,0,0,1,0,1,0,0,0,1,3,0,1,3,1,0,0,1,1
71,0,0,2,1,0,0,2,1,2,0,0,2,0,2,1,0,0,0,1,0,3,1,1,0,0,0,1,1,1,2,1,0,0,0,0,0,1,0,1,0,1,0,0,0,2,2,2,0,1,2,2,0,0,1,1,0,1,0,0,2,0,0,2,1,0,0,1,0,0,0,1,1,0,1,1,1,1,0,1,0,2,0,0,0,1,0,2,1,2,0,0,1,0,0,4,1,2,0,0,0,2,1,0,0,1,0,0,2,0,1,0,1,0,0,0,1,1,0,0,2,0,0,0,1,1,0,0,0,0,0,1,1,2,1,0,0,0,0,0,0,0,1,0,1,0,0,1,1,0,1
72,1,0,0,1,0,0,2,1,1,0,0,0,1,0,0,0,1,0,0,2,0,1,0,1,0,0,0,0,1,0,1,3,2,0,0,0,1,0,0,1,2,0,2,0,0,1,1,2,0,1,1,1,1,0,1,1,0,2,0,0,1,0,0,1,0,0,0,0,0,0,0,2,0,0,0,3,0,0,0,0,1,0,1,2,1,0,0,2,0,0,0,0,1,1,0,0,0,2,0,1,0,1,1,0,0,0,0,0,2,1,1,2,0,0,2,1,1,0,4,0,1,2,0,3,0,1,1,1,1,0,0,0,0,0,1,0,1,1,1,0,1,0,0,1,0,2,1,0,0,1
73,1,0,0,0,2,2,1,0,0,0,0,2,2,1,0,2,1,0,1,3,0,1,0,1,0,1,2,1,1,0,1,1,0,2,0,0,0,0,0,1,2,0,0,1,1,0,0,1,0,0,0,1,1,1,0,0,1,3,0,1,1,1,1,0,0,0,1,0,1,0,0,1,0,1,2,1,0,0,1,1,1,1,0,2,1,1,0,1,0,0,3,1,0,0,0,0,1,0,0,1,1,0,1,0,1,0,0,0,1,1,0,1,0,1,1,1,1,0,0,1,0,2,0,0,0,1,3,1,0,0,0,0,2,1,0,2,0,0,1,2,0,1,2,0,0,0,0,0,1,0
74,0,0,0,1,1,0,0,2,0,1,0,0,1,0,0,2,1,0,0,1,0,2,1,1,0,0,1,4,3,0,0,0,0,0,0,0,2,1,0,1,2,1,1,0,0,1,1,0,0,0,1,0,2,0,1,2,0,1,0,0,0,1,1,2,2,1,1,0,2,1,0,0,1,0,0,2,2,0,2,0,1,1,1,1,0,1,1,1,0,1,1,1,0,2,0,1,1,0,1,0,0,0,0,1,1,0,0,1,1,1,0,2,1,0,2,0,0,0,0,0,1,0,0,0,1,1,0,0,1,1,0,0,3,0,1,0,1,0,2,0,0,0,0,0,1,2,0,1,0,0
75,0,0,1,1,0,1,1,0,1,0,0,1,1,1,1,0,0,1,1,2,1,0,1,0,2,0,1,0,1,0,0,1,1,1,1,0,1,1,2,0,0,1,0,2,0,2,0,1,0,1,0,0,1,0,1,1,2,0,0,1,0,0,1,0,1,1,1,3,1,0,0,1,0,0,0,0,0,1,1,2,0,0,0,1,0,1,1,0,1,1,0,0,0,0,2,1,1,0,2,2,1,1,0,1,1,0,2,1,1,2,1,1,2,0,0,0,0,3,1,0,1,2,1,0,0,4,0,0,0,1,0,2,0,2,0,1,0,2,1,1,1,0,2,1,1,1,2,0,1,0
76,0,1,2,0,0,2,0,1,1,1,0,1,0,1,2,1,0,0,1,1,2,0,0,1,1,0,0,1,0,2,1,0,0,0,0,2,1,0,1,1,2,1,0,0,1,0,0,0,0,2,1,0,2,1,1,0,2,1,0,0,1,0,0,1,2,1,0,2,1,0,2,0,0,0,0,1,1,0,0,0,0,0,1,0,0,1,0,1,1,0,1,0,1,0,0,0,0,1,1,0,0,0,0,0,0,1,0,1,0,3,1,0,1,1,0,2,1,1,1,0,0,0,0,0,1,0,1,0,0,1,1,0,1,0,2,3,0,1,1,1,0,2,1,2,0,2,0,0,0,2
77,2,1,2,1,0,0,1,1,1,0,1,1,0,0,1,0,2,1,0,1,2,3,0,0,0,1,0,1,0,0,0,0,0,0,1,1,0,0,0,0,0,1,1,0,0,1,2,1,0,1,0,1,1,0,0,0,1,0,0,0,0,0,0,1,1,0,1,0,0,2,2,0,3,0,0,0,1,0,0,0,0,0,0,0,0,0,3,0,0,0,1,0,0,0,2,0,0,1,1,0,1,0,1,1,1,1,1,0,1,2,0,1,0,0,0,0,0,1,1,0,1,0,1,2,0,1,1,1,1,0,1,0,1,0,1,0,0,3,1,0,1,0,0,4,0,0,1,1,1,1
78,3,0,0,1,1,0,0,1,0,0,0,1,0,2,0,0,0,1,0,1,0,0,1,0,1,0,0,0,1,0,1,0,1,0,0,0,1,0,2,1,0,2,0,1,1,1,0,2,0,1,0,3,2,1,1,0,0,1,1,0,0,0,1,0,2,0,0,1,0,2,0,0,1,0,1,2,1,0,1,0,1,0,0,1,2,1,0,0,1,1,1,0,1,1,0,0,2,2,0,0,1,0,1,0,1,0,0,1,1,1,2,0,2,0,0,0,1,1,1,0,0,1,2,1,1,0,0,0,0,0,1,1,0,0,0,1,2,1,2,1,2,0,2,0,1,1,2,1,1,0
79,1,0,0,0,2,0,0,1,1,1,0,1,0,4,2,2,1,0,0,0,3,1,1,2,1,0,0,0,0,3,0,1,3,1,1,2,0,2,2,1,0,0,0,1,0,1,0,2,2,1,1,0,1,1,1,0,0,0,0,0,0,0,1,0,1,0,1,1,0,0,0,1,2,2,1,1,0,0,0,0,2,0,0,2,1,1,1,0,1,0,0,1,0,1,1,0,1,0,0,0,0,0,0,1,1,1,0,1,2,0,0,0,0,2,0,1,1,0,1,0,0,1,1,3,1,1,1,0,0,0,0,2,0,1,0,1,0,0,0,1,3,2,2,0,0,0,0,0,3,1
80,0,0,1,0,1,0,0,1,3,0,1,0,1,1,2,0,0,1,2,0,2,1,1,0,0,0,0,2,1,1,2,0,0,0,1,0,1,1,0,2,2,0,1,0,1,0,1,0,0,2,0,1,0,0,2,2,3,1,0,0,0,1,1,0,0,1,0,1,2,0,0,0,0,1,2,0,2,0,0,0,1,2,0,0,1,0,1,0,0,1,1,1,0,0,3,1,1,0,0,0,1,0,2,0,2,1,1,0,0,3,0,0,1,1,0,0,1,0,2,1,0,1,1,0,0,1,1,2,0,1,1,0,0,2,0,0,2,0,1,0,0,0,1,0,1,0,0,1,1,2
81,3,1,0,1,2,0,1,1,0,0,0,1,5,0,1,1,0,0,2,0,1,2,0,0,1,0,1,1,0,2,1,0,3,0,0,2,1,0,1,2,0,1,2,1,0,0,2,0,0,0,0,1,0,0,2,0,1,0,0,0,1,3,0,0,1,2,1,0,0,1,1,2,0,1,0,2,0,0,2,1,0,2,0,0,1,0,0,0,1,1,2,1,0,5,1,1,0,0,2,0,0,2,0,0,0,1,1,1,0,0,1,0,1,0,0,0,2,1,0,0,0,0,0,3,1,0,0,0,0,0,0,1,0,1,0,1,0,1,1,1,1,0,0,1,0,1,2,1,0,2
82,0,1,0,0,0,0,0,1,0,1,1,0,1,0,0,0,0,0,0,0,2,0,0,0,4,0,1,0,1,1,2,1,0,0,3,0,0,2,0,1,0,0,1,0,1,1,0,0,2,0,1,0,0,0,0,0,0,2,0,0,1,2,0,0,1,1,1,1,0,0,0,0,3,2,2,0,3,1,1,1,2,0,0,1,1,1,1,0,0,0,2,0,0,1,0,0,0,1,2,1,0,0,2,0,1,2,2,0,0,0,0,0,1,1,1,0,1,1,0,0,4,0,0,0,0,0,0,1,0,0,1,2,1,1,0,3,0,2,2,0,0,1,0,0,1,0,0,1,2,1
83,1,1,0,1,1,0,0,0,0,1,4,2,1,0,0,0,1,1,1,0,0,0,0,0,1,2,0,1,0,0,1,0,0,0,0,1,0,1,0,1,0,3,1,0,2,0,1,2,0,1,0,1,1,2,1,2,1,0,3,1,1,1,1,1,2,1,0,3,1,1,1,1,0,0,0,0,0,1,2,0,0,0,0,0,0,0,0,0,0,0,0,1,0,1,0,0,0,0,1,0,1,1,0,1,0,0,0,0,0,1,0,0,1,0,1,0,0,0,0,1,0,0,0,0,0,1,1,1,0,2,0,2,0,2,1,2,1,0,0,3,0,1,0,0,2,1,0,1,1,1
84,0,0,0,1,0,1,0,1,1,2,2,0,0,1,0,0,3,0,0,0,1,1,2,2,1,1,1,0,0,3,0,1,0,3,0,0,0,0,0,0,2,0,0,0,1,1,1,1,0,0,2,1,0,0,0,2,4,1,1,0,0,0,2,1,0,1,1,0,0,1,0,1,0,0,0,0,1,1,0,0,0,0,0,0,1,2,1,2,0,1,0,0,1,0,0,0,0,1,2,1,1,0,0,2,1,1,0,1,1,0,0,0,1,2,1,0,0,1,2,2,0,1,0,0,1,0,0,1,0,1,0,0,2,0,0,1,0,0,0,1,1,2,0,0,1,0,0,0,0,1
85,1,1,1,0,2,0,1,0,0,0,1,1,0,1,2,1,0,1,2,2,0,4,1,0,0,1,1,0,2,1,0,0,3,0,1,1,0,0,1,0,1,1,0,1,3,0,1,0,1,1,0,1,1,0,1,0,0,2,2,0,1,2,0,0,1,0,0,0,0,2,0,1,1,0,0,1,0,0,0,0,0,0,2,0,0,1,1,0,1,0,1,2,0,0,1,0,0,1,0,1,0,0,0,1,0,0,1,0,1,1,0,0,0,2,1,1,2,1,1,0,1,1,0,1,2,0,1,0,1,1,0,1,0,3,0,0,1,1,0,1,1,0,0,1,2,0,0,1,1,1
86,3,1,0,1,2,1,3,0,1,1,2,0,0,1,0,0,1,1,0,0,0,1,0,1,1,1,1,0,2,0,0,2,0,1,2,0,2,0,1,0,1,1,1,3,0,4,3,1,2,0,1,1,1,0,0,0,2,0,1,0,1,3,0,2,1,3,0,0,2,0,0,0,1,2,2,1,0,2,2,0,1,0,0,0,1,1,0,2,0,1,0,2,1,0,0,0,0,1,4,2,0,2,0,1,1,1,1,0,0,1,2,0,1,4,1,0,1,0,0,1,2,0,1,0,0,0,1,1,2,0,0,1,3,0,1,1,1,1,0,2,1,2,0,3,1,2,1,0,0,1
87,0,0,0,3,3,0,0,0,2,3,1,0,0,0,0,0,0,1,0,2,1,0,0,1,3,1,0,1,1,0,1,3,1,0,1,1,1,0,1,0,0,0,0,1,1,0,0,2,0,2,1,1,2,0,0,0,1,2,0,0,0,0,0,0,2,0,1,1,3,1,0,1,1,1,1,1,1,0,0,1,2,1,2,0,0,0,2,3,0,1,2,3,0,2,1,0,0,2,1,0,1,0,1,0,0,3,1,1,1,1,0,1,0,0,1,0,0,2,0,0,2,0,1,1,0,3,0,2,2,0,1,1,2,1,0,1,0,1,3,0,0,0,0,2,1,0,0,0,1,0
88,1,0,1,0,2,0,0,0,2,1,0,0,0,0,1,0,0,1,1,0,1,1,0,2,1,1,0,0,0,0,1,1,0,1,0,0,0,2,0,0,2,1,0,0,0,0,0,0,0,0,0,0,1,0,2,1,0,1,0,1,1,0,2,2,0,0,0,0,0,1,2,2,1,1,3,0,1,1,1,0,0,1,0,1,1,0,0,0,1,1,1,0,1,0,0,0,0,0,2,0,1,0,1,0,1,0,1,0,1,0,0,0,0,0,1,1,2,0,1,1,1,1,1,1,1,0,0,0,1,0,1,0,2,1,1,1,0,0,0,0,0,0,1,0,0,0,1,0,0,0
89,0,1,2,1,1,0,0,1,3,0,0,0,1,2,2,1,0,3,3,1,0,2,2,0,0,0,0,3,2,0,0,0,1,0,1,1,3,1,0,1,0,2,0,1,1,2,2,0,2,0,0,1,0,1,0,0,1,3,0,0,0,0,0,1,0,3,0,1,0,0,0,0,1,0,0,0,0,2,0,2,2,1,0,1,1,1,1,0,1,1,1,1,0,2,1,1,0,2,2,1,1,0,2,0,0,1,0,1,2,1,1,1,1,1,0,1,0,1,0,0,3,0,0,1,0,0,0,0,0,1,3,1,2,0,0,1,1,0,1,1,0,0,2,1,0,2,1,2,0,0
90,2,0,1,1,1,0,2,1,0,0,0,0,3,1,0,1,3,0,0,2,0,0,1,2,1,3,1,0,0,1,0,0,2,0,0,2,0,0,0,0,0,2,2,0,0,0,1,0,0,0,0,0,5,0,0,2,0,1,1,2,1,2,0,0,3,0,0,0,0,0,2,0,2,0,1,1,1,1,1,0,0,0,2,1,1,1,0,1,0,0,0,0,0,0,0,0,1,1,1,0,1,0,1,1,0,0,0,1,2,0,0,0,2,0,0,0,0,1,3,0,4,0,0,0,0,1,0,3,1,1,0,0,0,0,0,1,0,0,0,0,0,0,0,2,0,0,0,1,1,1
91,0,0,0,1,2,1,0,1,0,0,2,1,0,0,0,0,0,0,0,1,1,1,0,0,4,0,0,1,0,1,1,1,2,0,0,2,2,0,0,1,0,0,0,1,3,2,0,0,0,2,1,1,0,1,0,1,0,0,2,0,0,0,0,1,1,0,3,4,2,1,0,1,2,1,2,2,0,3,3,1,1,0,1,0,0,3,1,0,0,0,1,1,0,0,0,1,1,1,0,1,3,1,1,1,0,0,0,1,2,0,0,2,0,0,0,0,0,0,0,2,0,1,1,0,0,1,0,2,1,1,2,0,0,0,2,2,0,1,1,2,1,1,0,0,1,1,1,0,3,0
92,0,1,0,0,0,0,1,0,1,1,1,1,0,2,2,1,1,1,1,0,0,0,1,0,1,1,1,1,0,0,0,1,1,1,0,0,1,1,2,0,2,1,2,0,1,0,1,0,1,1,1,1,0,0,1,1,1,0,1,0,0,2,1,0,1,0,1,1,0,1,0,2,2,1,1,0,0,1,1,4,1,0,0,0,1,0,1,1,0,0,2,1,0,0,0,1,1,0,1,2,1,3,1,0,1,1,1,2,1,2,0,0,0,0,1,1,0,0,3,0,1,2,0,0,0,0,0,1,0,0,1,1,0,2,1,0,2,1,1,0,2,0,2,1,0,2,1,0,0,1
93,0,0,2,0,0,0,1,2,1,0,1,0,1,2,1,0,1,1,0,0,0,2,0,1,0,0,1,0,2,0,0,0,0,2,0,0,0,2,1,1,0,0,0,0,1,1,0,0,0,1,1,1,0,2,1,0,1,0,0,0,1,0,1,0,1,1,0,0,0,1,1,0,1,1,0,1,2,0,1,1,1,0,1,1,1,1,1,0,0,0,0,1,1,0,1,1,0,1,1,0,2,1,0,0,1,0,1,0,0,0,2,1,0,0,0,1,0,0,0,0,3,0,2,0,1,0,1,2,0,1,0,0,0,0,0,0,2,0,0,0,0,0,1,1,1,1,2,0,3,0
94,0,0,1,0,0,0,0,1,0,0,1,2,1,1,0,1,0,0,1,0,0,0,0,1,0,1,0,0,1,1,0,0,0,2,1,1,0,0,3,0,1,1,2,0,0,1,2,0,0,1,0,0,0,1,0,1,0,1,2,0,2,0,2,2,1,0,2,0,0,1,1,0,1,0,1,0,1,0,2,0,2,1,2,1,1,0,1,0,0,0,0,1,1,0,0,0,0,0,0,0,0,0,0,2,1,1,2,0,2,0,1,0,0,0,0,3,0,0,2,1,0,2,0,0,0,0,0,1,0,1,0,1,2,0,1,0,3,0,0,2,0,0,0,1,2,0,1,1,0,1
95,0,1,1,2,1,1,0,2,0,0,0,1,1,0,2,3,1,0,0,1,0,0,0,0,3,0,1,0,0,1,2,4,1,0,2,1,1,0,3,1,0,0,0,0,1,2,0,1,0,0,1,0,0,1,1,2,1,1,2,1,1,0,0,0,2,2,0,0,0,1,1,1,1,1,1,1,2,2,0,0,2,1,1,0,1,1,1,1,0,1,1,0,2,0,1,1,0,1,2,1,1,1,1,0,0,1,1,1,0,1,0,0,0,1,1,2,1,0,0,0,0,0,2,0,1,0,0,4,0,0,0,3,2,1,2,0,1,1,1,1,0,0,1,0,0,1,0,1,1,1
96,1,1,2,1,0,0,1,0,1,0,0,3,1,0,1,1,1,0,1,0,0,0,0,1,1,4,0,1,1,1,2,1,0,0,2,1,2,0,0,0,1,2,1,0,0,2,1,0,0,0,3,1,1,0,1,0,0,1,0,0,0,1,1,0,0,1,0,0,0,3,1,0,0,0,0,0,0,0,1,0,2,3,0,2,1,0,0,2,2,1,0,0,2,1,3,1,0,0,0,0,0,1,1,1,0,2,0,1,1,1,1,1,1,0,0,0,1,1,0,0,0,1,0,2,0,0,2,2,1,0,1,0,0,1,0,0,1,0,0,0,1,1,1,1,1,2,0,1,0,1
97,1,1,1,0,1,0,0,0,0,0,1,0,2,1,0,1,0,1,1,1,0,1,0,1,3,0,0,0,1,0,0,1,1,1,0,0,1,2,3,1,1,2,0,0,0,0,1,1,0,1,0,0,0,2,0,1,0,0,2,0,1,2,0,1,0,0,1,0,0,0,0,1,0,0,2,2,0,0,1,0,2,2,1,1,0,1,0,0,1,0,0,0,0,2,0,0,0,1,0,2,0,2,0,0,0,0,2,5,0,2,1,2,0,0,0,1,3,0,2,1,0,0,1,0,0,0,1,1,1,2,1,0,2,2,0,0,1,0,0,0,2,0,0,2,2,1,1,1,0,0
98,1,2,0,0,1,1,0,0,0,1,1,1,2,1,0,0,0,1,3,0,1,0,0,2,3,1,0,1,0,2,1,0,2,0,1,1,0,0,0,1,0,2,1,0,0,0,0,1,0,0,0,0,0,1,1,0,0,1,1,0,0,2,2,0,1,1,3,0,2,0,5,1,2,2,1,1,0,1,3,0,1,2,1,0,0,2,0,0,0,0,0,0,0,1,2,2,3,0,1,0,0,0,1,0,3,0,1,0,2,0,4,0,2,1,0,0,0,1,0,0,0,2,0,1,1,2,1,1,0,1,1,1,1,0,0,1,0,2,0,0,0,1,0,0,0,0,0,0,0,2
99,0,0,2,1,1,0,0,1,1,0,0,0,0,1,0,1,0,2,1,0,2,1,0,0,0,2,0,1,0,0,0,0,0,2,0,0,0,0,2,1,1,0,0,3,2,0,0,0,1,2,1,0,0,1,2,0,0,2,1,1,0,1,0,1,0,1,1,1,1,2,1,1,1,1,0,1,0,0,0,1,0,0,0,1,1,0,0,0,1,1,0,0,1,0,0,1,1,1,0,2,1,0,1,1,0,1,0,1,2,0,0,1,3,0,1,0,1,0,0,3,0,1,1,0,2,1,0,1,0,0,1,0,0,0,0,2,0,2,0,1,0,1,2,1,0,0,0,0,2,0
